url,article_text,dates
https://www.dr.dk/nyheder/penge/c20-faldt-15-procent,"C20 dykkede 1,5 procent til 411,3 med Novo Nordisk som stor taber. Pænt regnskab fra Danske Bank Danske Bank faldt 2,7 procent til 144,5. Aktien startede dagen godt med en 2,2 procents stigning efter et pænt halvårsregnskab, men stemningen vendte dog i den sene handel. Overskuddet faldt med knapt 23 procent til 7,78 milliarder før skat i forhold til samme periode sidste år. Resultatet var dog stadigvæk bedre end analytikerne havde ventet. Novo Nordisk dykkede Novo Nordisk faldt 5 procent til kurs 303 på trods af en opjustering af indtjeningsprognosen til 22-25 procent inklusiv valutaeffekten i koncernens halvårsregnskab. Koncernens salg i Nordamerika steg 21 procent i lokal valuta mod en stigning i første kvartal på 27 procent. Analytikerne havde ventet et endnu bedre regnskab, derfor faldt Novo Nordisk. Stigninger til Vestas og SAS Vestas steg 4,5 procent til 607 efter de stigende oliepriser, mens SAS steg 3,8 procent til 38,5 efter at have fremlagt trafiktal fra juli..",2008-08-07T15:25:00+00:00
https://www.dr.dk/nyheder/penge/c20-aabner-positivt,"A.P. Møller - Mærsk åbnede 2,1 procent højere i kurs 49.300. Røster i aktiemarkedet mener, at stigningen skyldes en ny positiv analyse fra investeringsbanken Carnegie, der også har været aktiv på købssiden fra morgenstunden. Samtidig var der godt nyt for raterne for containerfragt til Indien fra Nordeuropa, Storbritannien, Skandinavien og Baltikum, da de stiger med 10-15 procent fra oktober. Carlsberg åbnede 0,3 procent højere i kurs 461,5. Den hollandske konkurrent Heineken gentog de tidligere opjusterede forventninger til helåret 2006 i sin regnskabspræsentation for første halvår. Bryggeriet betegner væksten i det russiske marked, hvor Carlsberg også operer, som sundt og målsætningen er at nå en markedsandel på 20 procent i Rusland i løbet af fem til seks år fra de nuværende 16 procent. Novo Nordisk åbnede 0,6 procent højere i kurs 422. Biotekselskabet ZymoGenetics som Novo Nordisk ejer 30 procent af, har afsluttet et fase 3-forsøg med stoffet rhThrombin til brug mod blødning ved kirurgiske indgreb. Resultaterne præsenteres på en konference d. 17. september. Vestas åbnede 0,3 procent højere i kurs 164,8. Vindmølleproducenten blev tirsdag handlet lavere efter at salget af sin andel på cirka 49 procent i Vestas RRB India. Bang & Olufsen åbnede 0,1 procent lavere i kurs 600. Den tyske konkurrent Telefunken planlægger et snarligt indtog på det nordiske marked, hvor dyre og avancerede produkter vil tage kampen op med B&O. DFDS lå uændret i kurs 490. DFDS Seaways har købt passagerskibet m.s. Fjord Norway. Skibet vil i starten af november blive indsat på Fjordlines tidligere rute Bergen-Haugesund-Stavanger-Newcastle, som er en ny rute for DFDS Seaways. Det er aftalt ikke at offentliggøre salgs-/købspris for skibene, og købet samt salget får ingen væsentlig indflydelse på DFDS' forventede årsresultat for 2006, anfører rederiet. Brdr. Hartmann åbnede 0,5 procent lavere i kurs 210. Lønmodtagernes Dyrtidsfond vil bruge en ny bestyrelsespost i emballageselskabet til at skabe bedre indtjening. Ophævelse af de kritiserede aktieklasser er anden prioritet. Victoria Properties steg 9,0 procent til kurs 260, og var højdespringer i den tidlige handel. Kilde: RB-Børsen",2006-09-06T07:47:06+00:00
https://www.dr.dk/nyheder/penge/c20-faldt,"C20 indekset endte 0,6 procent lavere Indekset endte i 379,67. efter fald i DSV og Vestas. Blandt sidepapirerne faldt Maconomy og Neurosearch begge på regnskabsfremlæggelser. DSV faldt på regnskab Aktien faldt 1,6 procent til kurs 966. I forbindelse med regnskabspræsentationen hævede DSV sine forventninger til synergieffekterne fra opkøbte Frans Maas med 50 millioner kroner til 450 millioner kroner Synergieffekterne ventes at have fuld effekt i år 2008. Vejtransportkoncernen skuffede investorerne lidt på indtjeningssiden, mens omsætningen lå marginalt over analytikernes forventninger. Vestas faldt på forventninger Vestas faldt 2,2 procent til kurs 169,3. Vindmølleproducenten fik sent onsdag en ordre på 33 V90 møllertil fire vindkraftprojekter i Frankrig. Leveringen begynder i 2007 og får dermed ingen effekt på 2006-regnskabet, hvor investorerne torsdag får indsigt i de første seks måneder. Og det var de blandede forventninger til regnskabet, der udløste faldet. ØK var dagens højdespringer Aktien steg 2,6 procent til kurs 247 uden nyheder fra selskabet via Københavns Fondsbørs. Fald i sidepapirerne Maconomy lukkede 3,3 procent. lavere i kurs 11,7. Softwareselskabet har mere end fordoblet salget af softwarelicenser i første halvår, mens salget i USA var ""ikke tilfredsstillende"". Vicesalgsdirektør Mads Skalbo har valgt at fratræde sin stilling. Maconomy fastholder prognosen for helåret 2006, da væksten i andet halvår ventes lavere. Neurosearch falder stadig Biotekaktien faldt 2,8 procent til kurs 192. Første halvår gav et underskud på 98,5 millioner kroner før skat mod et overskud sidste år. Neurosearch forventer fortsat et underskud omkring 110-130 millioner kroner for hele året, men forventningerne vil blive ændret, hvis købet af svenske A. Carlsson Research gennemføres. Købet af svenske A. Carlsson Research til en pris op mod 707 millioner kroner er et godt strategisk match, men det er for tidligt at vurdere, om prisen er den rigtige, mener analytiker Annette Rye Larsen fra Gudme Raaschou.",2006-08-23T15:36:39+00:00
https://www.dr.dk/nyheder/penge/tung-morgen-c20,"Faldet i A.P. Møller-Mærsk fortsatte her til morgen i kølvandet af gårsdagens nedjustering. Rederiaktien blev til morgen handlet 0,7 procent lavere i kurs 42.800, efter at være styrtdykket lidt over ni procent i går. Jyske Bank mener, at tirsdagens markante kursfald i APM ikke var nok. - Mærsk falder kun knap 10 procent i går på problemerne, mens en aktie som Danisco for nylig faldt tilsvarende på lidt skuffende forventninger. Det er bare et eksempel, men det virker som om nogen holder hånden under Mærsk-aktien, sagde Rune Møller til RB-Børsen. Ændringer i anbefalinger Nogen af de første udmeldinger kom fra Morgan Stanley, som ikke ville ændre sin salgsanbefaling ""underperform"". Finanshuset venter, at markedet står over for en to-årig cyklisk nedgang. I modsatte grøft var franske Credit Agricole Cheuvreux, som gentog sin købsanbefaling ""outperform"". Inden onsdagens markedsåbning nedjusterede Alm. Brand A. P. Møller-Mærsk til ""reducer"" fra ""akkumuler"", med en fair pris for aktien på 40.000 kroner Erhvervsbanken FIH revurderede tirsdagens melding om, at ""bunden var nået"" for APM aktien, men fastholdt et optimistisk syn på rederiaktien med en ny fair pris på 50.000-55.000 kroner Sukker og medicin åbner i minus Danisco blev efter onsdagens åbning handlet 0,6 procent lavere i kurs 410. Den søde aktie faldt mere i smag hos analytikerne onsdag, da det hollandske finanshus ABN Amro hævede sin anbefaling til ""hold"" fra ""sælg"". Lundbeck tabte onsdag 1,7 procent, da den blev handlet til kurs 134. Medicinalaktien var største gårsdagens højdespringer i det tyngede C20-indeks. Medicinalkoncernen fik tirsdag anbefalingen ""overvægt"" samt kursmålet 155 af JP Morgan. Finanshuset mener, at Lundbeck er det næstbilligste midcap-medicinalselskab i Europa og vurderer, at selskabet i pipelinen har to medikamenter med markante markedsmuligheder. Codan på akkumuler Codan blev onsdag handlet 0,4 procent lavere til kurs 411. Forsikringsaktien blev, inden åbningstid, opjusteret til ""akkumuler"" fra ""reducer"" af analytikerne Mikael Hallåker og Matti Ahokas fra Handelsbanken. Samtidig hævede de kursmålet til 450 fra 400. Revurderingen kommer efter de tiltag, forsikringskoncernen foretog i sidste uge. - Det er klart et skridt i den rigtige retning, selvom der sandsynligvis vil være behov for yderligere besparelser for at nå omkostningsniveauet for sammenlignelige selskaber, skrev analytikerne. Novo Nordisk åbnede onsdag 0,4 procent lavere i kurs 355. Den danske medicinalkoncern vandt tirsdag Levemir-sagen mod Sanofi Aventis. Retssagen, startet af franske Sanofi Aventis, blev fra flere sider set som et forsøg på at skabe tvivl om Levemir, og derigennem forsinke Novos langtidsvirkende insulinanalog indhug i det franske selskabs salg af den tilsvarende analog, Lantus på det amerikanske marked. Novo Nordisks ledelse har interne mål om, at Levemir skal kapre over 50 procent af det amerikanske marked for langtidsvirkende insulinanaloger inden for seks-syv år. Ejendomsselskabet Keops meddeler, at selskabet har opkøbt en ejendomsportefølje med 172 ejendomme for 5,4 milliarder kroner. Keops åbnede uændret i 21,6 kroner. Kilde: RB-Børsen",2006-06-28T07:57:24+00:00
https://www.dr.dk/nyheder/penge/danske-bank-trak-c20,"Dagen bød på kraftig fremgang for det danske eliteindeks C20, som steg 0,8 procent til 418,92. C20 holdt sig dermed i front for de europæiske indeks. Danske Bank trak C20 højere, da storbanken opjusterede helårsforventningerne i sin regnskabspræsentation kort før middag. A.P. Møller-Mærsk og Novo Nordisk leverede ligeledes pæn fremgang. Dansk Bank overgik forventninger Danske Bank lukkede 2,1 procent højere i kurs 245 kroner efter dagens regnskabsmeddelelse. Opgørelsen efter tredje kvartal gav et resultatet på 13,61 milliarder kroner før skat. Analytikerne havde ventet et resultat i underkanten af 13 milliarder kroner Dermed overgik Danske Bank forventningerne, og banken kunne med rette opjustere helårsforventningerne. - Det er lidt bedre end ventet på renteindtægter og handel, og lidt dårligere på gebyrindtægterne, men alt i alt et godt regnskab med pil op, sagde Sydbanks aktieanalysechef, Bjørn Schwartz, til RB-Børsen. Fremgang til Novo Nordisk Novo Nordisk lå stabilt hele dagen og endte med en fremgang på 0,7 procent til kurs 441. Den franske konkurrent Sanofi-Aventis aflagde tirsdag morgen et skuffende ni-månedersregnskab, og den franske aktie faldt dermed godt 4 procent Vestas sluttede tirsdagen med et fald på -0,5 procent trods meddelelsen om ny ordre på 103 møller fra kinesiske Longyuan. - Longyuan er den største udvikler og ejer af vindmøller i Kina, så vi ser ordren som ganske betydelig. Det vigtigste er, at Longyuan har bestilt V80-møllerne, som vi skal bygge vores forretning i Kina på i fremtiden, sagde Thorbjørn Rasmussen til RB-Børsen. Lempede regler til transportbranchen Vejtransportkoncernen DSV endte med en fremgang på godt 3,1 procent til kurs 1079. Repræsentanter for arbejdsgiverne i transportbranchen mødtes i dag med Justitsministeriet, for at diskutere de nye sanktioner i forhold til overtrædelse af køre- og hviletidsreglerne. Forud for mødet havde topchefen for Danmarks største transportselskab DSV karakteriseret lovgivningen som helt uden fornuft. - Myndighederne har en overordentlig striks adfærd, så det næsten mister fornuft og balance, sagde DSV's administrerende direktør Kurt K. Larsen til RB-Børsen. Justitsminister Lene Espersen lempede reglerne, dog uden at stille chaufførerne tilfredse. Blandt sidepapirerne fastholdt rederiet DFDS en pæn stigning tirsdag og sluttede i 1,5 procent i kurs 619. Aktien tordnede tirsdag morgen frem med en stigning på op mod 6 procent efter finanshuset S Equity Research anbefalede ""stærkt køb"". Dog tabte aktien lidt af pusten, efter Danske Equities' sænkede anbefaling af aktien fra ""køb"" til ""hold"" med en fair værdi på 600 kroner Sjælsø Gruppen endte i kurs 1690 med en stigning på knap 5,3 procent Ved fremlæggelse af markedsopdatering fastholdt Sjælsø Gruppen forventningerne til årsregnskabet, trods temposkiftet på boligmarkedet.",2006-10-31T16:40:00+00:00
https://www.dr.dk/nyheder/penge/carlsberg-straffet-c20-stiger,"Investorerne skar prompte toppen af Carlsbergs markedsværdi efter bryggerikoncernens årsregnskabspræsentation tirsdag, da prognoserne for 2006 skuffede. I indeværende år venter Carlsberg et resultat af primær drift i niveauet 3,55 milliarder kroner, hvor analytikerne havde spået om en driftsindtjening på 3,7 milliarder kroner. Aktieboks: OMXC20 Carlsbergs andel af koncernresultatet ventes at stige med cirka 10 procent i forhold til 2005, da det var 1,1 milliarder kroner, mens analytikerne her venter et overskud på 1,6 milliarder kroner Det viser medianen af RB-Børsens rundspørge til 10 analytikere forud for årsregnskabet. Også udviklingen i Vesteuropa går i den forkerte retning. Skuffet over regnskab - Udviklingen i Vesteuropa skuffer markant, og et så markant fald i overskudsgraden er ikke tilfredsstillende, siger Lars Villadsen til RB-Børsen. Han konstaterer, at det er afgørende, hvad Carlsberg oplyser nærmere om problemerne i Vesteuropa. Dermed blev Carlsberg hægtet af kollegaerne i OMXC20, der over en bred kam viste gode takter med A.P. Møller-Mærsk og TrygVesta i front. C20 steg 0,4 procent til 393,5, mens Carlsberg-aktien faldt 2,4 procent til 373,00. Store forventninger til dansk olie APM aktionærerne kunne notere en stigning på 1 procent til 59.300. Der skjuler sig enorme mængder olie i den danske sektor, der kan hentes op, hvis der forskes i nye teknologier. Det siger professor ved Danmarks Tekniske Universitet, Erling H. Stenby, til JydskeVestkystens erhvervsredaktion tirsdag. Det kan blive til 1000 milliarder kroner, hvis indvindingen øges fra 30 til 50 procent, inden udnyttelsen fra Nordsø-felterne indstilles, skriver JydskeVestkysten. Forsikringskoncernen TrygVesta åbnede 1 procent højere i 349,00, da selskabet efter lukketid mandag fik løftet sit kursmål til 380 fra 350 hos finanshuset Standard & Poor's, der fastholder sin købsanbefaling af TrygVesta. SAS falder efter stævning Luftfartsselskabet SAS kunne notere et fald på 1,3 procent til 79,50, efter at pilotforeningen i Danmark mener, at SAS direkte spekulerer i ulovligheder. Den udmelding kommer piloterne med, efter SAS sammen med otte andre luftfartsselskaber blev stævnet i USA mandag for at have samarbejdet om at koordinere gebyrer på brændstof og forsikringer i forbindelse med priserne på luftfragt. Sydbank fik ikke den bedste start på dagen med et fald på 2 procent til 172,00 efter sin årsregnskabspræsentation, der indeholdt et basisresultat på 1170 millioner kroner, hvor den regionale bank tidligere havde skønnet at basisresultatet ville ligge mellem 1050-1150 millioner kroner Banken anser regnskab for helåret som særdeles tilfredsstillende. Sydbank venter et basisresultat i 2006 mellem 875-1025 millioner kroner.",2006-02-21T08:47:00+00:00
https://www.dr.dk/nyheder/penge/c20-endte-i-lille-minus,"Det danske aktiemarked blev i dag påvirket af den negative stemning på de globale markeder, og kvartalsregnskabet fra Nordea understøttede den negative stemning. C20-indekset faldt 0,81 procent til 399,25. Aktieboks: Nordea faldt i dag Aktier i Nordea faldt 2,61 procent til 74,50, da bankens regnskabstal vidnede om, at virksomheden har svært ved at styre omkostningerne. Nordea fastholder forventningerne til 2006 om en forskel på mere end 5 procentpoint i væksten mellem indtægterne og omkostningerne. Banken ser dog en moderat stigning i omkostningerne i 2006 på linje med udviklingen i første kvartal på 3 procent Det er en fravigelse fra tidligere udmelding om nul omkostningsvækst frem til 2007. Regnskabet fra Nordea viste et bedre resultat end ventet, men kvaliteten af indtjeningen kunne være bedre. - Bundlinien er bedre end ventet, men handelsindtægterne trækker opad. Udgifterne stiger 3 procent, men det er stadig flot når toplinien steg 11 procent, siger Torsten Bech Jensen til RB-Børsen. GN Store Nord på minussiden GN Store Nord begyndte og endte dagen i negativt terræn og lukkede 5,01 procent lavere i 80,50, da svage prognoser fra konkurrenten Plantronics skabte usikkerhed for headsetbranchen. Plantronics-aktien blev slagtet på børsen i New York med et fald på mere end 25 procent. Ifølge Danske Equities lover de dårlige Plantronics udsigter ikke godt for GN Store Nord. I modsatte grøft bemærkede analytiker Klaus Madsen fra Handelsbanken, at Plantronics aftagende vækstrate inden for kategorien meget vel kan være en konsekvens af, at GN tager markedsandele. Klaus Madsen gentog sin købsanbefaling på GN-aktien. De cykliske aktier fra A.P. Møller-Mærsk faldt 1,74 procent til lukkekurs 50.800, da rederiaktierne blev trukket lavere i i dagens sene handel. Vestas og Danske Bank endte i plus Vestas-aktien vekslede tab til et plus på 0,89 procent og lukkede i 170,75, da den amerikanske energiproducent FPL Group vil udvide sin vindenergiproduktion med 760 megawatt i 2006. - Det kan meget vel betyde nye ordrer for Vestas, der tidligere har leveret til FPL, vurderer analytiker Henrik Breum fra Danske Equities. Aktierne i Danske Bank kunne kun mande sig op til en lille stigning på 0,21 procent til 239,75 trods flotte kommentarer fra analytikerkredse efter gårsdagens regnskabspræsentation. Handelsbanken og Alfred Berg ABN Amro har hævet deres kursmål af Danske Bank, mens Standard & Poor's Equity Research fastholder en stærk købsanbefaling og et kursmål på 285 kroner Genencor skaber plus De enzymproducerende virksomheder Danisco og Novozymes lå også med plusser. Novozymes steg 0,75 procent til kurs 467,50, mens Danisco-aktien vandt 0,39 procent til kurs 516, efter nyheden om, at den Danisco-ejede amerikanske enzym-virksomhed Genencor er gået ind i et fransk ethanolprojekt sponsoreret af den franske stat. Samtidig får de tårnhøje oliepriser nu Novozymes til at geare aktiviteterne op i Nordamerika. Biotekselskabet Genmab fastholdt sent i går sin resultatprognose for 2006 efter regnskabet for første kvartal. Genmab-aktien lukkede 1,88 procent højere i kurs 216,50. Color Print opjusterer forventningerne til regnskabsåret 05/06 markant til 50 millioner kroner før skat fra 37-40 millioner kroner. Det sendte Trykkerivirksomhedens aktier 10 procent højere i lukkekurs 550.",2006-05-03T15:21:00+00:00
https://www.dr.dk/nyheder/penge/c20-aabnede-postivt,"FLSmidth indtog her til morgen scenen med en opjustering af indtjeningsforventningerne til 2006. Det gav FLS-aktien et solidt afsæt til dagens handel. C20-indekset åbnede 0,7 pct. højere i rekord 468,82. Blandt sidepapirerne kom Bavarian i centrum grundet et forlist samarbejde med den britiske medicinalgigant GlaxoSmithKline. Bedre end forventet FLSmidth hævede fredag morgen forventningerne til helåret 2006. Driftsindtjeningen blev hævet til 775 mio. kr. fra 650-700 mio. kr. Omsætningsprognosen blev sænket til 12,3 mia. kr. fra 12,5-13,5 mia. kr. Det er gået bedre end ventet inden for samtlige forretningsområder, men det er primært bedre ordreafvikling samt øget salg inden for mineraler, der fører til det højere driftsresultat, skrev FLSmidth. FLSmidth åbnede 3,9 pct. højere i kurs 403. Stor ordre Vestas begyndte med en ordreannoncering. Vindmølleproducenten har modtaget en stor kinesisk ordre. Selskabet skal levere 220 stk. V52-850 kW vindmøller. Vestas oplyste, at ordren ikke påvirker koncernens forventninger til 2007. Leveringen begyndes i efteråret 2007. Værdien af den kinesiske ordre kan anslås til 1,2-1,3 mia. kr. Det vurderede analytiker Henrik Breum fra Danske Equities til RB-Børsen. Vestas åbnede 2,9 pct. højere i kurs 269. Danske Bank, som aflagde helårsregnskab onsdag, fik opløftende nyt fra Alm. Brand. Finanshuset gentog fredag morgen sin købsanbefaling på Danske Bank, efter at have nærlæst storbankens regnskabstal for 2006. Alm. Brand hævede kursmålet til 300 kr. fra 290 kr. Analytiker Ricky Steen Rasmussen hæftede sig ved, at kvaliteten i indtjening var klart bedre end ventet. Danske Banks overskud lå stort set på linje med Alm. Brands prognose, men over konsensusestimatet. Danske Bank åbnede 0,2 pct. højere i kurs 264. Bavarian Nordic og GlaxoSmithKline har ophævet samarbejdsaftalen, meddelte Bavarian Nordic. Afbrydelsen af samarbejdet omfattede stoffet Imvamune, og det får ifølge Bavarians ledelse ingen negative økonomiske konsekvenser. Bavarian tabte 1,3 pct. til kurs 548.",2007-02-02T09:00:00+00:00
https://www.dr.dk/nyheder/penge/aktier-apm-pressede-c20,"Sur stemning på børsen A.P. Møller-Mærsk (APM) lukkede 1,9 procent lavere i 52.900, mens vejtransportaktien DSV lukkede 2,3 procent lavere i kurs 969, da den sure stemning tyngede transportaktierne. Carnegie og Jyske Bank ser ikke med samme øjnene på APMs kommende markedsopdatering. Carnegie gentog sin købsanbefaling, idet finanshuset minimum venter en gentagelse af helårsforventningerne på torsdag. I modsatte grøft findes Jyske Bank, som stadig ser risiko for en nedjustering. Hos Jyske Bank er analytiker Michael Nielsen ikke sikker på, at koncernen fastholder forventningerne. Carlsberg tabte 0,9 procent til kurs 525. Alm. Brand Henton ændrede sin anbefaling på bryggerikoncernen til neutral fra køb, efter at Carlsberg-aktien har leveret kursfremgang den seneste tid. Storbanken Danske Bank tabte 2,1 procent til kurs 237. Forsikringsaktierne lå også i bunden med betydelige tab. TrygVesta tabte 1,7 procent til kurs 407,5, mens Topdanmark tabte 1,7 procent til kurs 883. Vestas gik mod trenden Vestas lukkede 2,4 procent højere i kurs 215. Den spanske energigigant Iberdrola oplyser, at den har købt britiske Scottish Power. Scottish Power har gennem årene været en stor kunde hos den danske vindmøllekoncern Vestas, mens Iberdrola ejer 25 procent af Vestas-konkurrenten Gamesa. Iberdrola købte i oktober vindmøller fra Gamesa til en værdi af 4 milliarder dollar og Gemesa fik dermed fyldt ordrebøgerne. Vestas Mediterranean West direktør Ebbe Funk ser store muligheder i handlen. - Du kan ikke blive nummer et i verden med hensyn til udvikling af vindparker, hvis ikke du får Vestas ind i din portefølje. Det tror jeg ikke, sagde Ebbe Funk i sidste uge til RB-Børsen, da købstilbuddet var på trapperne.",2006-11-28T16:25:00+00:00
https://www.dr.dk/nyheder/penge/c20-i-ny-rekord,"C20 steg 1,2 procent og lukkede i 439,66. Dermed endte C20 i rekordniveau for 21. gang i år. Lundbeck, Novo Nordisk og Vestas fik pæne stigninger, mens Danisco tabte pusten efter præsentation af halvårsregnskab. Lundbecks amerikanske partner Forest var torsdag på opkøbstogt og købte bioselskabet Cerexa for 2,7 milliarder kroner Lundbeck steg 3,6 procent til kurs 152,8. Novo Nordisk fik hævet sit kursmål af Citigroup. Kursmålet lyder nu på 525 mod tidligere 445, og anbefalingen blev hævet til ""køb"" fra ""hold"". Samtidig tabte Novo sin verserende patenttvist med Pfizer, som Novo har sagsøgt grundet Pfizers inhalerbare insulin Exubera. Novo steg 2,5 procent højere i kurs 468. Vestas fik medvind, da en af konkurrenterne, GE Wind, der ejes af General Electric har meddelt, at kapacitetsudnyttelsen er fyldt for hele 2007. Dermed får Vestas mindre konkurrence i forbindelse med nye ordrer i 2007. Vestas steg 0,5 procent til kurs 238. Danisco var dagens taber på C20 indekset efter sit halvårsregnskab og faldt 2,2 procent til 497,0. Danisco fastholdt sine helårsforventninger for resultatprognosen, ingrediensdivisionen går forsat bedre, mens det går den modsatte vej for sukkerdivisionen. Markedet havde ventet en samlet opjustering. Det kommende C20 medlem F.L.Smidth har fået ordre på levering af maskiner samt supervision og reservedele til en ny cementproduktionslinie i Ægypten, der herefter vil være verdens største cementfabrik. Den samlede ordre har en værdi af 200 millioner kroner. FLS lukkede 1,2 procent højere i kurs 350.",2006-12-14T16:55:00+00:00
https://www.dr.dk/nyheder/penge/lille-loeft-til-c20,"C20-indekset steg 1,12 procent til 417,62. Efter en stærk start fra morgenstunden blev den gode stemning dæmpet af et overraskende fald i den foreløbige opgørelse af tyske fabriksordrer. De danske storbanker blev løftet af en god europæisk finansstemning efter stærke regnskaber fra Europa, mens Carlsberg-aktien red videre på tirsdagens bølge. Bankerne steg Den positive stemning i finanssektoren skyldes gode regnskaber fra både franske BNP Paribas og tyske Commerzbank. Danske Bank, der er regnskabsaktuel i morgen, steg 3,3 procent til 148,5, mens Nordea steg 3,5 pct. til 74.5. Roskilde Bank lukkede markant højere med en stigning på 18,2 pct. til kurs 94, efter at den afgående bestyrelsesformand har afsløret, at aktionærerne vil blive præsenteret for et købstilbud ved den ekstraordinære generalforsamling i september. Vestas fik smæk Vestas faldt 1,7 procent til kurs 581, efter at den amerikanske vindmølleorganisation AWEA advarede vindmøllesektoren om, at skatteordningen for vindmølleproducenter i USA - den såkaldte PTC-ordning - udløber ved udgangen af året, og politikerne har endnu ikke kunnet blive enige om en forlængelse. Hos Vestas er man dog overbevist om, at der kommer en forlængelse af den altafgørende skatteordning. Højt skum hos Carlsberg Carlsberg-aktien fløj videre med en 5,6 procents stigning til kurs 464. Finanshuset Dresdner Kleinwort hævede onsdag sin anbefaling af aktien fra hold til køb. B&O og ØK frem B&O steg 2,5 procent til kurs 223, efter at selskabet indgik en aftale om et unikt lydsystem med tyske Mercedes AMG. B&O fastholdt dog forventningerne for det indeværende regnskabsår. Aktierne i ØK steg 5,7 procent til kurs 373. Almindelig Brand Markets venter en opjustering af helårsforventningerne i halvårsregnskabet onsdag d. 13. august og hævede dermed sin anbefaling af ØK-aktien til køb fra neutral, men kursmålet dog blev sænket til 425 kr. fra 440 kr.",2008-08-06T15:27:00+00:00
https://www.dr.dk/nyheder/penge/lidt-vaklende-start-c20,"Fredag morgen blev C20-indekset presset lidt lavere og faldt 0,2 pct. til 447,01. På de store europæiske fondsbørser oplevede investorerne samme tendens. Derivatmarkedet kan dog henover middag få lidt ekstra opmærksomhed grundet simultan udløb af aktieindeksfutures og aktieindeksoptioner samt aktieoptioner. Det såkaldt Triple Witching-fænomen forekommer fire gange årligt og kan give lidt uroen på aktiemarkederne. Novo Nordisk åbnede 0,4 pct. lavere i kurs 473,5. Jyllands-Posten skriver i dag, at den franske medicinalkoncern Sanofi-Aventis lancerer en ny insulinpen, engangspennen SoloStar. Den vil gå i direkte konkurrence mod Novo Nordisks FlexPen og vil være et nyt våben i den igangværende krig mellem Sanofi-Aventis og Novo Nordisk om insulinmarkedet. Lundbeck tabte 0,8 pct. til kurs 160,8. Medicinalkoncernen fik i dag gentaget anbefalingen hos det hollandske finanshus ING. ING har en hold-anbefaling på Lundbeck og et kursmål på 160 kr. Vestas åbnede 0,2 pct. lavere i kurs 273. Jyske Bank gentog sin akkumuler-anbefaling på Vestas. - Vi forventer en fortsat positiv nyhedsstrøm omkring Vestas, som relaterer sig til blandt andet en stigende ordreindgang og et stort fokus på vedvarende energi. Derfor fastholder vi Akkumuler på trods af, at aktien handles væsentlig over vores estimerede fair værdi på 213 kr. pr. aktie, skriver analytiker i Jyske Bank, Jesper Klitgard Frederiksen, i en kommentar forud for Vestas regnskab 20. marts. Blandt de mindre papirer overraskede regnskabsaktuelle H+H International med en kursfremgang på 4,2 pct. til kurs 1980. Producenten af porebetonelementer fik et overskud før skat på 114 mio. kr. i 2006 mod et overskud før skat i 2005 på 147 mio. kr. - Faldet i resultatet før skat sammenholdt med 2005 skyldes primært det forventede underskud på de nytilkøbte polske aktiviteter, skrev H+H International i regnskabet. Kort inden torsdagens lukketid kom Harboes Bryggeri med regnskab for de første ni måneder af 2006/07, men det blev til trist læsning for investorerne. Harboes Bryggeri måtte endnu engang sænke indtjeningsprognosen for helåret. Harboes Bryggeri, som torsdag tabte 3,9 pct., lå uændret i kurs 210. Anderledes positivt åbnede bryggerikonkurrenten Royal Unibrew, som steg 3,7 pct. til kurs 697. Genmab indgår forskningssamarbejde med den danske hoved- og halscancer gruppe, Dahanca-gruppen. Genmab åbnede 0,3 pct. lavere i kurs 336. Genmab søger stadig en partner til sit hoved- og halskræftmiddel Humax-EgFr. Bekræftede IR-chef, Helle Husted, for RB-Børsen.",2007-03-15T09:36:00+00:00
https://www.dr.dk/nyheder/penge/solide-stigninger-til-c20,"C20 steg 1,7 procent til 438,43 efter en positiv dag, hvor navnlig FLSmidth og NKT gik frem. Medicinalaktier gik frem Genmab lukkede mandag 3,3 procent højere i kurs 250,5. Genmab-investorerne afventer fase III test af HuMax-CD20 mod kronisk lymfatisk leukæmi, som ventes annonceret i slutningen af 2. kvartal. Lundbeck steg 3,6 procent til kurs 122 efter meldingen om en relancering af selskabets potentielle storsællert, sovemiddelet Gaboxadol. GN vinder terræn GN Store Nord steg 1,5 procent til kurs 26,7. Trods negativ start på dagen med et fald på 1,5 procent, efter at den internationale investeringsbank Goldman Sachs valgte at sænke sin anbefaling af aktien i GN Store Nord til ""sælg"" fra tidligere ""neutral"". Banken vurderede, at forventningerne for 2008 virker for optimistiske, og venter en justering af prognoserne. Industriaktierne går frem FLSmidth og NKT lukkede med de største stigninger i C20-regi. FLSmidth lukkede 4,3 procent højere i kurs 489, mens NKT sluttede med en fremgang på 4,3 procent til kurs 367. Bang & Olufsen steg 2,9 procent til 316, efter at finanshuset Carnegie hævede sin anbefaling til Neutral fra tidligere Underperform. Bang & Olufsen kommer tirsdag med regnskab for tredje kvartal.",2008-04-07T15:24:00+00:00
https://www.dr.dk/nyheder/penge/moderat-stigning-til-c20-0,"C20 endte dagen med en moderat stigning på 0,2 procent til 435,72, mens de øvrige europæiske børser lukkede med stigninger omkring 1 procent. Finansaktierne endte positivt På trods af generel tilbagegang i den sene handel, endte finansaktierne positivt. Danske Bank steg 1,5 procent til 182,8, Nordea steg 3,1 procent til 82,8, og Sydbank steg 2,8 procent til 186. Smæk til Vestas Den eksplosive vækst i vindmøllebranchen har medført, at både store internationale firmaer og mindre lokale producenter har fået øjnene op for de store muligheder i vindenergi. Det øger konkurrencen, og det vil presse Vestas i alvorlig grad fremover. Vestas lukkede 1 procent lavere i 511. Forsikringsaktier i vildrede Forsikringsselskabet Trygvesta har mistet sin internationale partner, Zurich der vil gå solo på det danske marked, og Trygvesta søger nu en ny international partner. Trygvesta steg 0,2 procent til 422,5, mens konkurrenten Topdanmark faldt 3,7 procent til kurs 801. Grovvarefusion gav stigning Grovvareselskabet Hedegaard-aktien steg 22,7 procent til kurs 540, efter at svenske Lantmännen tilbød at betale 520 kroner per aktie. Tilbuddet er betinget af, at det får accept fra 51 procent af aktionærerne.Lantmännen ejer i forvejen 30 pct. af aktierne.",2008-04-02T15:32:35+00:00
https://www.dr.dk/nyheder/penge/europa-trak-c20-ned,"C20-indekset kunne ikke holde morgenens positive takter, og fulgte med resten af Europa lavere. Således lukkede C20 0,5 procent lavere i 510,84. Investorerne fik halvårsregnskab fra Jyske Bank, mens Dantherm blev sendt højere på rygter omhandlende ordre fra Ericsson. Jyske Bank opjusterer Jyske Bank, der steg 0,9 procent til kurs 432, aflagde et halvårsregnskab, der indeholdt en opjustering af helårsprognosen. Jyske Bank venter nu en basisindtjening på 2,1-2,3 milliarder kroner i 2007. Jyske Banks basisindtjening for første halvår steg til 1,27 milliarder kroner, hvilket var bedre end ventet. Nettorenteindtægterne steg til 1,61 milliarder kroner fra 1,44 milliarder kroner. De vigtige renteindtægter lå på den svage side i første halvår, vurderede analytiker Stig Nymann hos Gudme Raaschou over for RB-Børsen, der dog samtidig pegede på, at banken henter indtjeningen ind på en reduktion i omkostningerne. - Vores seneste tre kvartalers fokusering på effektiviseringer har været årsagen til, at vi opjusterer forventningerne til helåret, udtalte direktør Anders Dam fra Jyske bank til RB-Børsen. Andre banker påvirket af regnskab Danske Bank steg 0,2 procent til kurs 236, mens Sydbank steg 0,9 procent til kurs 279,5. Nordea, der faldt 0,6 procent til kurs 89,5, fik opjusteret kursmålet af Goldman Sachs til 118 skroner fra 113 skroner med anbefalingen ""neutral"". Novo og Lundbeck kiggede mod vest Novo Nordisk og Lundbeck-investorerne holdt øjnene rettet mod USA, hvor Eli Lilly præsenterede halvårsresultat. Eli Lilly øgede sin omsætning med 20 procent i andet kvartal. Det var især salget af antidepressivet Cymbalta og diabetes-midlet Byetta, som drev omsætningen. Novo lukkede 0,7 procent lavere, mens Lundbeck tabte 0,5 procent. FLSmidth-konkurrent med godt regnskab FLSmidth lukkede 1,2 procent højere i kurs 490. Investorerne fik tirsdag et positivt halvårsregnskab fra finske Outukumpu, der er konkurrent til FLS-datterselskabet FFE Minerals. Mærsk-konkurrent overvejer havnekøb A.P. Møller - Mærsks B-aktie lukkede 1,2 procent lavere 73.900. Kinesiske Cosco, der er konkurrent til A.P. Møller - Mærsk, overvejer at investere 1 milliard dollar i et havneprojekt i den østkinesiske provins Jiangsu. Det skrev Shanghai Securities News på baggrund af anonyme kilder ifølge Bloomberg News. Igen stor stigning til Dantherm Blandt sidepapirerne stjal Dantherm opmærksomheden efter mandagens markante fremgang på 8,1 procent. Dantherm steg 3,2 procent til kurs 194. Svensk Ericsson har modtaget en stor ordre til udbygning af GSM i Indien. Da Dantherm tidligere har været underleverandør til Ericsson, var der spekulationer i, at der også kan være en betydelig ordre på vej til Dantherm. - Hvis Dantherm skal være underleverandør, så skal man ikke glemme, at Ericsson er en af de hårdeste forhandlere, så det kan være, Dantherm får højere omsætning, men spørgsmålet er, om indtjeningen følger med, sagde analytiker Daniel Patterson fra Danske Equities. (Kilde: RB-Børsen)",2007-07-24T15:18:23+00:00
https://www.dr.dk/nyheder/penge/lille-stigning-til-c20,"C20 steg 0,4 procent til 466,71 på en stille dag, hvor de europæiske indeks havde marginale udsving. Spekulationer om Carlsberg Der er spekulationer om, at Carlsbergs partner i Rusland, S, vil blive købt af enten Heineken eller en kapitalfond. Analytiker Casper Albæk fra Jyske Bank tvivler på, at det er realistisk. Derimod ser han ingen problemer i, at Carlsberg kan opkøbe resten af joint-ventureselskabet BBH. Carlsberg steg 2,5 procent til kurs 607. Topdanmark og Jyske Bank hittede Forsikringskoncernen Topdanmark leverede største stigning i C20 og lukkede 3,4 procent højere i kurs 1080. Jyske Bank lå også i toppen med en fremgang på 3 procent til kurs 449. Begge stigninger kom uden nævneværdige nyheder fra selskaberne. Lundbeck fortsat i problemer Lundbeck fik fredag sænket sit kursmål til 130 kroner fra 160 kroner af Goldman Sachs, som har anbefalingen ""neutral"". Også JP Morgan sænkede sin anbefaling af Lundbeck, efter afbrydelsen af Gaboxadol, til ""neutral"" fra ""overvægt"". Kursmålet blev skåret ned med 45 kroner til 140 kroner Lundbeck faldt 1,1 procent til kurs 130,5. A.P. Møller - Mærsk fik hævet kursmålet A.P. Møller - Mærsk fik fredag nyt kursmål fra Almindelig Brand. Finanshuset løftede anbefalingen på APM-aktien til ""afvent køb"" fra ""salg"" og hævede kursmålet til 59.000. APM faldt dog 1,5 procent og lukkede i kurs 58.200. Phamexa steg på konkurrents produkt Pharmexa lukkede 3,6 procent højere i kurs 17,4. Der kom godt nyt fra selskabet Dendreon om medikamentet Provenge mod prostatakræft. Medikamentet er inden for samme kategori, som Pharmexas produkter.",2007-03-30T15:49:00+00:00
https://www.dr.dk/nyheder/penge/c20-negativ-stemning-fortsaetter,"Den negative stemning fortsatte i dag på det danske marked, og C20 åbnede med et markant minus i omegnen af 3 procent. Men i løbet af dagen vandt indekset lidt frem, og lukkede blot 1,3 procent lavere til 455,44. Det skriver RB-Børsen. Presset ramte langt de fleste store spillere. Lundbeck tabte 2,3 procent til kurs 151, og A.P. Møller-Mærsks B-aktie lukkede 2,2 procent lavere i kurs 58.100. Også bankaktierne led. Danske Bank lukkede 2,5 procent lavere, Nordea lukkede 2,8 procent lavere, mens Jyske Bank lukkede 1,9 procent ned. Regnskab fra Trygvesta Forsikringskoncernen Trygvesta leverede helårsregnskab for 2006. Overskuddet før skat blev på 3,7 milliarder kroner i 2006 mod 2,9 milliarder året før og var som ventet. For 2007 venter Trygvesta et overskud før skat på 2,5 milliarder kroner, og disse forventninger ligger under analytikerprognoserne. FLSmidth følger opjustering Inden de danske markeder åbnede fremlagde FLSmidth regnskab for helåret 2006. FLSmidth præsenterede en driftsindtjening på 775 millioner kroner - en stigning på 95 procent, hvilket er på linje med FLSmidths opjustering fra den 2. februar. FLSmidth lå dagen igennem i minus, og lukkede 1,9 procent lavere i kurs 364. Novo Nordisk får god pris Novo Nordisk, som lukkede 1 procent højere til kurs 485, har fået en god pris for sin ejerandel i medicinalselskabet Dako. Novo Nordisk bogfører 1,5 milliarder kroner fra salget, og pengene skal enten bruges til opkøb eller aktietilbagekøb.",2007-02-28T17:17:00+00:00
https://www.dr.dk/nyheder/penge/ny-rekord-til-c20-0,"C20-indekset satte endnu en rekord med en stigning på 0,5 procent til 475,79. Dagen bød desuden på et tilfredsstillende regnskab fra Jyske Bank og en anbefaling af Neurosearch som foretrukken investering blandt de danske biotekaktier. Fremgang for Jyske Bank Jyske Bank leverede et helårsregnskab, som viste en fremgang i basisindtjeningen til 2,27 milliarder kroner fra 1,75 milliarder kroner, hvilket var lidt bedre end RB-Børsens analytikerprognose. Jyske Bank venter en basisindtjening i 2007 på niveau med 2006 eller derover. De forsigtige bankfolk hos Jyske Bank har meldt konservativt ud for 2007. Det konstaterede chef for sales trading i Danske Bank, Mads Zink, over for RB-Børsen. Danske Bank og Nordea konkurrerer om opkøb Banksektorens to store drenge var i centrum grundet mulighederne for et opkøb af et svensk realkreditinstitut. De to nordiske finansgiganter vil begge byde på SBAB, når den svenske stat sætter sine aktier til salg. Danske Bank steg 1,5 procent til kurs 267,5 og var dermed vigtigste bidragsyder til C20-indeksets fortsatte rekord. Nordea faldt 0,3 procent til kurs 90. Neurosearch den foretrukne biotekaktie Neurosearch steg 1,9 procent ti kurs 348,5 efter Danske Equities' anbefaling af aktien. Aktien bliver i en gennemgang af den danske biotekbranche fremhævet som foretrukken investering.",2007-02-06T16:36:00+00:00
https://www.dr.dk/nyheder/penge/c20-i-ny-rekord-0,"C20-indekset lukkede 0,2 procent højere i rekord 473,24. Men dagens største stigning faldt i sidepapiret Bavarian Nordic. Lundbeck opjusteret JP Morgan hævede sit kursmål på Lundbeck med 15 kroner til 185 kroner Det amerikanske finanshus gentog sin købsanbefaling ""overweight"" på Lundbeck-aktien. Lundbeck lukkede 2,3 procent højere i kurs 169,8. A.P. Møller-Mærsk steg B-aktien sluttede 0,5 procent højere i kurs 59.300. A.P. Møller - Mærsks datterselskab, APM Terminals, har givet et opkøbsbud på driften af to havneterminaler på Fisherman Islands, Brisbane. Det skriver den australske internetavis Queensland Business Review. Danske Bank har opkøbsplaner Danske Bank er på vej med et bud på det svenske realkreditinstitut SBAB, skriver det svenske Dagens Industri. Ifølge avisen, som har talt med Danske Banks ordførende direktør Peter Straarup, vil Danske Bank med stor sandsynlighed byde på SBAB, når den svenske stat sætter sine aktier i SBAB til salg. Danske Bank faldt 0,2 procent til kurs 263,5. FLSmidth opjusteret Danske Equities opjusterede kursmålet for FLSmidth til 446 kroner FLSmidth faldt 1,1 procent til kurs 409. FLSmidths datterselskab FFE Minerals fik mandag helårsregnskab fra den finske konkurrent Outokumpu, som efter sin præsentation blev sendt mere end 10 procent højere. Novo Nordisk faldt Efter fire dages flotte stigninger satte Novo Nordisk mandag kursen sydpå og faldt 1,0 procent til kurs 511. Dette skete selvom USB hævede kursmålet til 475 kroner fra 435 kroner Stor stigning til Bavarian Nordic Biotekselskabet Bavarian Nordic leverede et kurshop på 9,9 procent til kurs 610. Danske Equities hævede mandag sit kursmål fra 572 til 705 og fastholdt anbefalingen ""køb"" af aktien. Det sker efter, at Bavarian Nordic har opsagt sin aftale med GlaxoSmithKline, og derved selv vil producere og levere alle vacciner.",2007-02-05T16:44:22+00:00
https://www.dr.dk/nyheder/penge/solid-stigning-til-c20,"Det danske aktiemarked startede året med en rekord, da C20 indekset lukkede 1,37 procent højere i 447,51. Der var stigninger til næsten samtlige aktier i indekset. Vestas fik en ny stor amerikansk ordre. Ordren kom fra Enel North America, som er et af de største amerikanske energiselskaber med fokus på vedvarende energi. Ordren lyder på 56 V80-1,80 MW vindmøller til levering i tredje kvartal 2007 til Smoky Hills-projektet i staten Kansas i USA. Vestas skal levere, installere og sætte de 56 vindmøller i drift, og ordren indeholder ligeledes en femårig vedligeholdelses- og serviceaftale. Vestas steg 1,6 procent til 242,5. Novozymes klar med nyt enzym. Novozymes steg 0,2 procent til kurs 487. Novozymes er klar med et nyt enzym, Mannaway, til at takle genstridige pletter på tøjet. Mannaway skal være med til, at vende stagnationen på markedet for vaskemiddelenzymer til en fremgang på 1-3 procent årligt. Alk-Abello lancerer græspollenvaccine som tablet. Alk-Abello græspollenvaccine på tabletform, Grazax, blev tirsdag lanceret i Danmark, Norge og Storbritannien. Tabletterne skal optimalt helst tages hver dag året rundt og koster 3162,75 kroner for 100 uden tilskud. Alk-Abello steg 2,6 procent til kurs 1447. Pæn stigning til Sjælsø Gruppen. Sjælsø Gruppen har solgt tre ejendomme for 500 millioner kroner og præciserede samtidig sine forventninger til 2006. Herefter ventes et overskud før skat på 725 millioner kroner. Sjælsø Gruppen fik hævet sin anbefaling af Danske Equities til ""køb"" fra ""hold"" med et kursmål på 2052. Nordea anbefaler stadig et ""stærkt køb"". Sjælsø Gruppen endte 5,1 procent højere i kurs 1945. TK Develoment steg trods salgsanbefaling. TK Development steg 4,8 procent til kurs 88. TK Development meddelte før nytår, at den skal opføre og udvikle et nyt center i Gdansk i Polen. Nordea fastholder dog en ""stærk salg"" anbefaling.",2007-01-02T16:56:58+00:00
https://www.dr.dk/nyheder/seneste/rederiet-torm-bliver-del-af-c25-aktieindekset,"Rederiet Torm, som er et af verdens største tankskibsrederier, vil fra i morgen været en del af eliteindekset C25 på børsen. Det oplyser Nasdaq i en pressemeddelelse . C25-indekset er de største og mest omsatte danske aktieselskaber. Torm bliver indeksets aktie nummer 25, og rederiet kommer der i selskab med andre store transportvirksomheder som Mærsk og DSV.",2024-06-16T17:14:00+00:00
https://www.dr.dk/nyheder/seneste/c25-indekset-lukker-paa-det-laveste-niveau-siden-ruslands-invasion-af-ukraine,"Det danske aktiemarked har fredag oplevet nogle af de største fald i ugevis, ifølge Ritzau. C25-indekset er i dag lukket 3,4% lavere, hvilket er det største fald på en enkelt dag siden Rusland 24. februar gik ind i Ukraine. Det kan skyldes udsigten til stigende renter. Det siger aktieanalysechef i Sydbank Jacob Pedersen til Ritzau. - Vi har i et stykke tid været vant til et miljø med ultralave renter. Det stopper nu, hvor man er begyndt at hæve renterne i USA, siger Jacob Pedersen til Ritzau. C25-indekset er aktieindekset over de 25 mest omsatte aktier på Københavns Fondsbørs.",2022-05-06T15:34:00+00:00
https://www.dr.dk/nyheder/seneste/de-danske-c25-aktier-rammer-laveste-niveau-i-aar,"Det danske aktieindeks C25 lukkede i dag på det laveste niveau i 2022. Indekset, der består af de 25 toneangivende danske aktier, faldt særligt efter nyheden om, at den den svenske Riksbank satte renten op med et helt procentpoint, hvilket var højere end ventet, skriver Ritzau. I alt faldt indekset med 1,63 procent. Dermed er C25 faldet med 25 procent, siden det nåede et rekordniveau i november sidste år.",2022-09-20T15:37:00+00:00
https://www.dr.dk/nyheder/seneste/drs-oekonomikorrespondent-om-dansk-aktiefald-vi-er-paa-vej-ind-i-en-periode-med,"Det ledende danske aktieindeks, C25, faldt i dag med 3,1 procent. Årsagen til det store indeksfald skal findes i USA, hvor centralbanken i går signalerede, at den godt kan finde på at sætte renterne op tidligere, end mange lige gik og troede. - De højere renter skal sætte en bremse på hele økonomien, men aktiemarkederne kan ikke lide det, fordi de gerne vil have, at tingene buldrer derudaf, og at tempoet fortsætter, forklarer DR's økonomikorrespondent, Casper Schrøder. Han siger, at investorerne skal indstille sig på, at ""vi er på vej ind i en periode med lidt mere usikkerhed og svingende tider"" på aktiemarkederne. - Der er en usikkerhed om, hvorvidt renten skal op eller ned. Så man skal ikke regne med, at det bare går op og op og op, som det gjort de seneste par år, siger Casper Schrøder.",2022-01-06T16:50:00+00:00
https://www.dr.dk/nyheder/seneste/kaempe-fest-paa-boersen-de-danske-aktier-havde-noget-indhente,"Det danske aktieindeks C25 steg med over fire procent mandag, og det var meget tæt på at slå rekord for den største stigning på en enkelt dag. Og årsagen til det store hop har en meget naturlig forklaring. Det danske aktiemarked har nemlig holdt lukket siden onsdag eftermiddag, og både torsdag og fredag steg de amerikanske aktier. - Vi ligger rigtig lunt i svinget, idet vi skal indhente noget af den gode stemning fra torsdag og fredag, hvor vi havde lukket, siger Jyske Banks senioraktierådgiver Martin Munk til finansmediet MarketWire. Desuden peger Martin Munk på, at aktierne løftede sig efter bedring på coronafronten i Kina - en genåbning i Kina kan nemlig løse problemer på fragt- og komponentsiden.",2022-05-30T17:45:00+00:00
https://www.dr.dk/nyheder/seneste/danske-aktier-goer-comeback-efter-blodroede-aktiedage,"Efter at det ledende danske C25-indeks på blot to aktiedage faldt med over seks procent, så blev der i dag sat en foreløbig stopper for aktienedturen. C25-indekset rettede sig op og steg med i alt 1,6 procent, efter at det tidligere på dagen var oppe med mere end to procent . De blodrøde aktiedage i fredags og i går skyldes skuffende meldinger om den amerikanske økonomi, hvilket skabte nærmest panik på de internationale finansmarkeder og påvirkede også C25, som består af de 25 mest omsatte aktier på Københavns Fondsbørs. Wall Street i USA åbnede også i grønt efter nogle blodrøde dage, og de ledende indeks er foreløbig steget med omkring 1 til 1,6 procent.",2024-08-06T15:01:00+00:00
https://www.dr.dk/nyheder/seneste/kurserne-falder-ogsaa-paa-de-amerikanske-boerser,"En tendens, der startede på børserne i Asien og fortsatte til Europa og Norden, har nu, hvor de amerikanske børser er åbnet, også ramt USA. Det skriver Reuters. Straks da de amerikanske børser åbnede faldt kurserne: Fredag oplevede det danske aktieindeks C25 det største kursfald i to år. DR's erhvervskorrespondent, Jacob Ussing, beskrev tidligere i dag de store kursfald som overraskende for de fleste.",2024-08-05T14:09:00+00:00
https://www.dr.dk/nyheder/seneste/koebenhavns-lufthavne-skal-paa-jagt-efter-en-ny-topchef,"Administrerende direktør i Københavns Lufthavne, Thomas Woldbye, har sagt sit job op. Han stopper 30. september. Det oplyser selskabet, der står bag Københavns Lufthavn og Roskilde Lufthavn. Opsigelsen sker, fordi Woldbye skal være ny administrerende direktør for den britiske lufthavn Heathrow i London. Det er en af Europas absolut største lufthavne. I 2022 havde lufthavnen 61,6 millioner passagerer. Til sammenligning var der 22,1 millioner passagerer gennem Københavns Lufthavn sidste år. Ifølge Ritzau fik Thomas Woldbye i 2022 en løn på 12,3 millioner kroner inklusive bonusser. Det svarer til nogle af de mindste selskaber i det toneangivende danske aktieindeks C25.",2023-06-30T07:26:00+00:00
https://www.dr.dk/nyheder/seneste/danske-aktier-i-det-stoerste-kursfald-set-de-seneste-tre-maaneder,"De danske aktier er lukket med det største kursfald i tre måneder. Det ledende danske aktieindeks, C25, faldt med 2,4 procent. Tidligere på dagen lå indekset til det største kursfald i ti måneder, men genvandt så noget af det tabte. Udviklingen skal ses i lyset af, at C25-indekset det seneste år er steget voldsomt og langt mere end de fleste andre aktiemarkeder. Det skriver Ritzau.",2021-01-27T16:17:00+00:00
https://www.dr.dk/nyheder/seneste/aktionaerer-i-novozymes-siger-ja-til-chr-hansen-fusion,"Aktionærerne i både biotekselskabet Novozymes og ingrediensvirksomheden Chr. Hansen har sagt ja til en fusion. Det skriver Finans. Selskaberne forventer, at fusionen kan gennemføres i løbet af fjerde kvartal i år eller første kvartal i 2024. Dog mangler der stadig en række godkendelser fra myndighederne, heriblandt en fra EU-Kommissionen, skriver Ritzau. Det samlede selskab vil få en årlig omsætning på omkring 3,5 milliarder euro. Det svarer til 26 milliarder kroner. De to selskaber er begge en del af det danske eliteindeks, C25. Opdateret klokken 18.07 med, at aktionærerne i Chr. Hansen også siger ja til fusion.",2023-03-30T12:28:00+00:00
https://www.dr.dk/nyheder/seneste/faldende-inflationstal-fra-usa-er-fremragende-nyt,"Det er ""fremragende nyt"". Sådan siger seniorøkonom Kristian Skriver fra Dansk Erhverv om de amerikanske inflationstal for november, der netop er kommet, ifølge Ritzau. Forbrugspriserne i USA faldt en smule i november, hvor inflationen faldt til 7,1 procent. Det var lavere end økonomernes estimat på 7,3 procent og også lavere end de 7,7 procent i oktober. - Den aftagende inflation er fremragende nyt, fordi det indikerer, at renteforhøjelserne fra den amerikanske centralbank nu så småt er begyndt at virke. Samtidig er der tegn på, at det globale prispres er aftagende, siger seniorøkonomen. Også Dansk Industri er begejstret for den seneste inflationsrapport. På det danske aktiemarked er eliteindekset C25 ifølge mediet MarketWire tirsdag eftermiddag skudt i vejret på grund af de seneste tal fra USA. Det skriver Ritzau.",2022-12-13T14:07:00+00:00
https://www.dr.dk/nyheder/seneste/stor-dansk-fusion-paa-vej-chr-hansen-og-novozymes-vil-rykke-sammen,"De to store danske giganter Chr. Hansen og Novozymes ønsker fremover at arbejde sammen som et enkelt selskab. Det oplyses i en meddelelse til fondsbørsen. Begge selskaber er en del af det ledende danske aktieindeks, C25. Det er den nuværende topchef i Novozymes, Ester Baiget, som er udset til at stå i spidsen for det nye selskab. - Kombinationen af to strategisk komplementære virksomheder med et fælles formål og avancerede kapaciteter vil vise verden bioløsningernes sande kraft, siger hun i meddelelsen. Hvis fusionen bliver gennemført, vil de to selskaber få en samlet årlig omsætning på omkring 3,5 milliarder euro. Det svarer til 26 milliarder kroner. Fusionen skal dog først godkendes af de relevante myndigheder. Sker det, ventes den færdig mellem fjerde kvartal 2023 og første kvartal 2024.",2022-12-12T07:38:00+00:00
https://www.dr.dk/nyheder/seneste/danske-aktier-i-stiv-modvind-det-stoerste-kursfald-siden-starten-af-maj,"De danske aktier har været i stiv modvind i dag, hvor det toneangivende C25-indeks tog det største dyk i flere måneder. Indekset faldt med 2,5 procent. Det er det største kursfald siden starten af maj og blandt årets største kursfald på en dag, skriver Ritzau. Det er tredje dag i træk med et fald på over 1,5 procent til aktierne i C25, der omfatter de 25 toneangivende aktier på det danske marked og fungerer som en slags vejrhane for markedet.",2021-09-28T15:16:00+00:00
https://www.dr.dk/nyheder/seneste/kaempe-dyk-i-danske-aktier-mister-omtrent-100-milliarder-kroner-i-vaerdi,"Den amerikanske centralbank valgte i går aftes at hæve renten med 0,75 procent, og det kunne med det samme mærkes på det danske C25-indeks i dag. Faktisk oplevede indekset det syvende største fald nogensinde med et fald på 3,5 procent. Allerede fra morgenstunden kunne man se, at det ikke var en dag, der gik i den rigtige retning, og det endte altså med at blive en historisk dårlig dag for indekset, der har eksisteret siden 2016. Ifølge Ritzau er vurderingen fra Sydbanks analysechef, Jacob Pedersen, at dykket på C25 har kostet investorerne over 100 milliarder kroner i børsværdi. Hårdest ramt er aktier som Rockwool og GN Store Nord, der falder med henholdsvis 8,2 og 7,7 procent. C25-indekset består af de 25 mest omsatte danske aktier på Københavns Fondsbørs.",2022-06-16T15:33:00+00:00
https://www.dr.dk/nyheder/seneste/det-danske-aktiemarked-har-faaet-en-haard-start-paa-det-nye-aar,"2022 har indtil videre været et år med pil ned, når man kigger på det danske aktiemarked. Samlet set er det faldet med 9,4 procent, og i dag tog det toneangivende C25-indeks, der består af de største og mest værdifulde virksomheder på fondsbørsen, et dyk med med 2,1 procent til indeks 1781,4. Blandt selskaberne i C25 er Ambu, Bavarian Nordic, Netcompany, Coloplast og Novo Nordisk faldet mest med dyk på 15-20 procent i år. C25-indekset nåede sit hidtil højeste niveau 12. november sidste år i indeks 2020,69, men er med den sidste tids tilbagegang omkring 12 procent fra toppen. Med til historien hører også, at de danske aktier steg med 17 procent i 2021.",2022-01-18T11:35:00+00:00
https://www.dr.dk/nyheder/seneste/frygt-konkurs-i-kina-faar-danske-aktier-til-falde-i-vaerdi,"En mulig gigantisk konkurs i Kina har sat sit aftryk på danske aktier, der har fået en hård medfart i dag. Herhjemme lukkede aktieindekset C25 med et minus på 1,43 procent, skriver Ritzau. Selskabet Evergrande, der er Kinas næststørste ejendomsudvikler, har en enorm gæld, som det ikke kan betale af på, og bukker det under, er der frygt for en finanskrise i Kina. Den mulige konkurs gør aktieinvestorerne i hele verden nervøse, fortæller Jacob Pedersen, aktieanalysechef i Sydbank. - Nervøsiteten skyldes, at vi tidligere har undervurderet de effekter, der kan komme efter en stor konkurs, siger han. Evergrandes samlede gæld er på 1.925 milliarder kroner, hvilket svarer til noget, der ligner Danmarks bruttonationalprodukt.",2021-09-20T21:13:00+00:00
https://www.dr.dk/nyheder/seneste/danske-eliteaktier-er-paa-rekordkurs-efter-biden-sejr,"Der er mandag særdeles god stemning på det danske aktiemarked, efter at Joe Biden har vundet det amerikanske præsidentvalg. Der er plusser til 24 af de 25 aktier i det ledende danske indeks, C25, der efter kort tids handel blev sendt på rekordkurs. Her steg indekset som helhed 2,7 procent, hvilket ifølge Ritzau Finans sendte indekset på vej mod et rekordhøjt lukkeniveau. Ved 9.20-tiden stiger C25-indekset 2,4 procent. Især Vestas og Ørsted trækker for i rekordjagten med stigninger på henholdsvis 5 og 4,4 procent. Det kan hænge sammen med, at den danske vindmøllebranche kan blive positivt påvirket af, at Biden står til at blive præsident.",2020-11-09T08:12:00+00:00
